run,randomSeed,stopTime,manip,numPlayers,strat,network
12,25869613,500,NONE,169,PRICE,LATTICE
127,25882963,500,NONE,324,PRICE,LATTICE
342,25895495,500,NONE,529,PRICE,LATTICE
457,25913122,500,NONE,784,PRICE,LATTICE
63,25929333,500,NONE,900,PRICE,LATTICE
78,25967969,500,BIAS_BOX,144,PRICE,LATTICE
93,25976735,500,BIAS_BOX,289,PRICE,LATTICE
117,25971372,500,BIAS_BOX,625,PRICE,LATTICE
125,25876439,500,BIAS_BOX,784,COIN_FLIP,LATTICE
140,25877073,500,FAV_PLAYER,100,COIN_FLIP,LATTICE
155,25877133,500,FAV_PLAYER,225,COIN_FLIP,LATTICE
170,25877224,500,FAV_PLAYER,400,COIN_FLIP,LATTICE
185,25877358,500,FAV_PLAYER,625,COIN_FLIP,LATTICE
200,25877706,500,FAV_PLAYER,900,COIN_FLIP,LATTICE
215,25878146,500,FREE_BOX,144,COIN_FLIP,LATTICE
230,25878217,500,FREE_BOX,289,COIN_FLIP,LATTICE
2248,25878326,500,FREE_BOX,529,COIN_FLIP,LATTICE
2263,25878658,500,FREE_BOX,784,COIN_FLIP,LATTICE
275,25879127,500,FREE_BOX,1024,COIN_FLIP,LATTICE
290,25880028,500,LIM_ED,196,COIN_FLIP,LATTICE
305,25880089,500,LIM_ED,361,COIN_FLIP,LATTICE
320,25880184,500,LIM_ED,576,COIN_FLIP,LATTICE
335,25880317,500,LIM_ED,841,COIN_FLIP,LATTICE
6,25869690,500,NONE,121,PRICE,LATTICE
21,25880401,500,NONE,256,PRICE,LATTICE
36,25890439,500,NONE,441,PRICE,LATTICE
51,25906396,500,NONE,676,PRICE,LATTICE
66,25932948,500,NONE,961,PRICE,LATTICE
81,25972703,500,BIAS_BOX,169,PRICE,LATTICE
96,25982502,500,BIAS_BOX,324,PRICE,LATTICE
152,25876615,500,FAV_PLAYER,196,COIN_FLIP,LATTICE
167,25876711,500,FAV_PLAYER,361,COIN_FLIP,LATTICE
182,25876884,500,FAV_PLAYER,576,COIN_FLIP,LATTICE
220,25877745,500,FREE_BOX,196,ALWAYS_BUY,LATTICE
287,25879428,500,LIM_ED,169,COIN_FLIP,LATTICE
302,25879484,500,LIM_ED,324,COIN_FLIP,LATTICE
317,25879589,500,LIM_ED,529,COIN_FLIP,LATTICE
332,25879759,500,LIM_ED,784,COIN_FLIP,LATTICE
9,25870727,500,NONE,144,PRICE,LATTICE
24,25882340,500,NONE,289,PRICE,LATTICE
39,25893480,500,NONE,484,PRICE,LATTICE
54,25910033,500,NONE,729,PRICE,LATTICE
69,25938691,500,NONE,1024,PRICE,LATTICE
84,25982051,500,BIAS_BOX,196,PRICE,LATTICE
99,25991663,500,BIAS_BOX,361,PRICE,LATTICE
116,25875158,500,BIAS_BOX,625,COIN_FLIP,LATTICE
131,25875673,500,BIAS_BOX,900,COIN_FLIP,LATTICE
146,25876596,500,FAV_PLAYER,144,COIN_FLIP,LATTICE
161,25876666,500,FAV_PLAYER,289,COIN_FLIP,LATTICE
176,25876790,500,FAV_PLAYER,484,COIN_FLIP,LATTICE
191,25877009,500,FAV_PLAYER,729,COIN_FLIP,LATTICE
206,25877367,500,FAV_PLAYER,1024,COIN_FLIP,LATTICE
221,25878028,500,FREE_BOX,196,COIN_FLIP,LATTICE
236,25878129,500,FREE_BOX,361,COIN_FLIP,LATTICE
251,25878337,500,FREE_BOX,576,COIN_FLIP,LATTICE
266,25878743,500,FREE_BOX,841,COIN_FLIP,LATTICE
281,25879514,500,LIM_ED,121,COIN_FLIP,LATTICE
296,25879560,500,LIM_ED,256,COIN_FLIP,LATTICE
311,25879637,500,LIM_ED,441,COIN_FLIP,LATTICE
326,25879787,500,LIM_ED,676,COIN_FLIP,LATTICE
341,25880030,500,LIM_ED,961,COIN_FLIP,LATTICE
14,25871930,500,NONE,196,COIN_FLIP,LATTICE
29,25872848,500,NONE,361,COIN_FLIP,LATTICE
44,25873512,500,NONE,576,COIN_FLIP,LATTICE
59,25874236,500,NONE,841,COIN_FLIP,LATTICE
74,25875452,500,BIAS_BOX,121,COIN_FLIP,LATTICE
89,25875523,500,BIAS_BOX,256,COIN_FLIP,LATTICE
104,25875690,500,BIAS_BOX,441,COIN_FLIP,LATTICE
119,25876020,500,BIAS_BOX,676,COIN_FLIP,LATTICE
134,25876553,500,BIAS_BOX,961,COIN_FLIP,LATTICE
149,25877512,500,FAV_PLAYER,169,COIN_FLIP,LATTICE
164,25877571,500,FAV_PLAYER,324,COIN_FLIP,LATTICE
179,25877707,500,FAV_PLAYER,529,COIN_FLIP,LATTICE
194,25877939,500,FAV_PLAYER,784,COIN_FLIP,LATTICE
209,25878268,500,FREE_BOX,100,COIN_FLIP,LATTICE
224,25878316,500,FREE_BOX,225,COIN_FLIP,LATTICE
239,25878419,500,FREE_BOX,400,COIN_FLIP,LATTICE
254,25878633,500,FREE_BOX,625,COIN_FLIP,LATTICE
269,25879007,500,FREE_BOX,900,COIN_FLIP,LATTICE
284,25879701,500,LIM_ED,144,COIN_FLIP,LATTICE
299,25879747,500,LIM_ED,289,COIN_FLIP,LATTICE
314,25879844,500,LIM_ED,484,COIN_FLIP,LATTICE
329,25880004,500,LIM_ED,729,COIN_FLIP,LATTICE
344,25880230,500,LIM_ED,1024,COIN_FLIP,LATTICE
15,25872569,500,NONE,196,PRICE,LATTICE
30,25883629,500,NONE,361,PRICE,LATTICE
45,25897429,500,NONE,576,PRICE,LATTICE
60,25918100,500,NONE,841,PRICE,LATTICE
75,25952187,500,BIAS_BOX,121,PRICE,LATTICE
90,25956487,500,BIAS_BOX,256,PRICE,LATTICE
105,25968992,500,BIAS_BOX,441,PRICE,LATTICE
5,29080477,500,NONE,100,PRICE,WATTS
20,29091110,500,NONE,400,ALWAYS_BUY,RANDOM
35,29091761,500,NONE,600,PRICE,WATTS
50,29141109,500,NONE,900,ALWAYS_BUY,RANDOM
65,29150400,500,BIAS_BOX,100,PRICE,WATTS
80,29160396,500,BIAS_BOX,400,ALWAYS_BUY,RANDOM
95,29160916,500,BIAS_BOX,600,PRICE,WATTS
110,29219968,500,BIAS_BOX,900,ALWAYS_BUY,RANDOM
125,29229914,500,FAV_PLAYER,100,PRICE,WATTS
140,29249242,500,FAV_PLAYER,400,ALWAYS_BUY,RANDOM
155,29249814,500,FAV_PLAYER,600,PRICE,WATTS
170,29949194,500,FAV_PLAYER,900,ALWAYS_BUY,RANDOM
185,29958230,500,FREE_BOX,100,PRICE,WATTS
200,29983050,500,FREE_BOX,400,ALWAYS_BUY,RANDOM
215,29983434,500,FREE_BOX,600,PRICE,WATTS
230,30139616,500,FREE_BOX,900,ALWAYS_BUY,RANDOM
245,30148232,500,LIM_ED,100,PRICE,WATTS
260,30176174,500,LIM_ED,400,ALWAYS_BUY,RANDOM
271,29155488,500,LIM_ED,600,ALWAYS_BUY,WATTS
286,29155658,500,LIM_ED,800,COIN_FLIP,RANDOM
6,29083002,500,NONE,100,PRICE,RANDOM
68,29206190,500,BIAS_BOX,200,ALWAYS_BUY,RANDOM
83,29206298,500,BIAS_BOX,400,PRICE,WATTS
98,29272616,500,BIAS_BOX,700,ALWAYS_BUY,RANDOM
113,29275522,500,BIAS_BOX,900,PRICE,WATTS
128,30042428,500,FAV_PLAYER,200,ALWAYS_BUY,RANDOM
143,30042525,500,FAV_PLAYER,400,PRICE,WATTS
158,30146929,500,FAV_PLAYER,700,ALWAYS_BUY,RANDOM
186,29919384,500,FREE_BOX,100,PRICE,RANDOM
201,29946082,500,FREE_BOX,400,COIN_FLIP,WATTS
216,29946290,500,FREE_BOX,600,PRICE,RANDOM
231,30110395,500,FREE_BOX,900,COIN_FLIP,WATTS
246,30110948,500,LIM_ED,100,PRICE,RANDOM
261,30133352,500,LIM_ED,400,COIN_FLIP,WATTS
274,29115014,500,LIM_ED,600,COIN_FLIP,RANDOM
289,29117641,500,LIM_ED,900,ALWAYS_BUY,WATTS
11,29083231,500,NONE,200,PRICE,WATTS
3941,29104086,500,NONE,700,PRICE,WATTS
5654,29121148,500,NONE,900,PRICE,RANDOM
69,29215385,500,BIAS_BOX,200,COIN_FLIP,WATTS
84,29215564,500,BIAS_BOX,400,PRICE,RANDOM
129,30073828,500,FAV_PLAYER,200,COIN_FLIP,WATTS
144,30073904,500,FAV_PLAYER,400,PRICE,RANDOM
159,30177063,500,FAV_PLAYER,700,COIN_FLIP,WATTS
176,30123988,500,FAV_PLAYER,1000,ALWAYS_BUY,RANDOM
191,30135884,500,FREE_BOX,200,PRICE,WATTS
206,30185641,500,FREE_BOX,500,ALWAYS_BUY,RANDOM
217,29152661,500,FREE_BOX,700,ALWAYS_BUY,WATTS
232,29152820,500,FREE_BOX,900,COIN_FLIP,RANDOM
247,29181930,500,LIM_ED,200,ALWAYS_BUY,WATTS
262,29181985,500,LIM_ED,400,COIN_FLIP,RANDOM
277,29182495,500,LIM_ED,700,ALWAYS_BUY,WATTS
292,29182656,500,LIM_ED,900,COIN_FLIP,RANDOM
12,29083638,500,NONE,200,PRICE,RANDOM
42,29103441,500,NONE,700,PRICE,RANDOM
75,29254087,500,BIAS_BOX,300,COIN_FLIP,WATTS
90,29254273,500,BIAS_BOX,500,PRICE,RANDOM
105,29926189,500,BIAS_BOX,800,COIN_FLIP,WATTS
,29844350,500,BIAS_BOX,1000,COIN_FLIP,WATTS
132,29844953,500,FAV_PLAYER,200,PRICE,RANDOM
147,29901817,500,FAV_PLAYER,500,COIN_FLIP,WATTS
162,29902222,500,FAV_PLAYER,700,PRICE,RANDOM
177,30091732,500,FAV_PLAYER,1000,COIN_FLIP,WATTS
192,30092162,500,FREE_BOX,200,PRICE,RANDOM
207,30145881,500,FREE_BOX,500,COIN_FLIP,WATTS
223,29177039,500,FREE_BOX,800,ALWAYS_BUY,WATTS
238,29177348,500,FREE_BOX,1000,COIN_FLIP,RANDOM
253,29215796,500,LIM_ED,300,ALWAYS_BUY,WATTS
268,29215883,500,LIM_ED,500,COIN_FLIP,RANDOM
283,29217275,500,LIM_ED,800,ALWAYS_BUY,WATTS
298,29217489,500,LIM_ED,1000,COIN_FLIP,RANDOM
14,29084521,500,NONE,300,ALWAYS_BUY,RANDOM
29,29086189,500,NONE,500,PRICE,WATTS
44,29127127,500,NONE,800,ALWAYS_BUY,RANDOM
59,29134086,500,NONE,1000,PRICE,WATTS
74,29236529,500,BIAS_BOX,300,ALWAYS_BUY,RANDOM
89,29236782,500,BIAS_BOX,500,PRICE,WATTS
104,29899438,500,BIAS_BOX,800,ALWAYS_BUY,RANDOM
119,29905727,500,BIAS_BOX,1000,PRICE,WATTS
134,30160315,500,FAV_PLAYER,300,ALWAYS_BUY,RANDOM
12,25869613,500,NONE,169,LATTICE,PRICE
127,25882963,500,NONE,324,LATTICE,PRICE
342,25895495,500,NONE,529,LATTICE,PRICE
457,25913122,500,NONE,784,LATTICE,PRICE
63,25929333,500,NONE,900,LATTICE,PRICE
78,25967969,500,BIAS_BOX,144,LATTICE,PRICE
93,25976735,500,BIAS_BOX,289,LATTICE,PRICE
117,25971372,500,BIAS_BOX,625,LATTICE,PRICE
125,25876439,500,BIAS_BOX,784,LATTICE,COIN_FLIP
140,25877073,500,FAV_PLAYER,100,LATTICE,COIN_FLIP
155,25877133,500,FAV_PLAYER,225,LATTICE,COIN_FLIP
170,25877224,500,FAV_PLAYER,400,LATTICE,COIN_FLIP
185,25877358,500,FAV_PLAYER,625,LATTICE,COIN_FLIP
200,25877706,500,FAV_PLAYER,900,LATTICE,COIN_FLIP
215,25878146,500,FREE_BOX,144,LATTICE,COIN_FLIP
230,25878217,500,FREE_BOX,289,LATTICE,COIN_FLIP
2248,25878326,500,FREE_BOX,529,LATTICE,COIN_FLIP
2263,25878658,500,FREE_BOX,784,LATTICE,COIN_FLIP
275,25879127,500,FREE_BOX,1024,LATTICE,COIN_FLIP
290,25880028,500,LIM_ED,196,LATTICE,COIN_FLIP
305,25880089,500,LIM_ED,361,LATTICE,COIN_FLIP
320,25880184,500,LIM_ED,576,LATTICE,COIN_FLIP
335,25880317,500,LIM_ED,841,LATTICE,COIN_FLIP
6,25869690,500,NONE,121,LATTICE,PRICE
21,25880401,500,NONE,256,LATTICE,PRICE
36,25890439,500,NONE,441,LATTICE,PRICE
51,25906396,500,NONE,676,LATTICE,PRICE
66,25932948,500,NONE,961,LATTICE,PRICE
81,25972703,500,BIAS_BOX,169,LATTICE,PRICE
96,25982502,500,BIAS_BOX,324,LATTICE,PRICE
152,25876615,500,FAV_PLAYER,196,LATTICE,COIN_FLIP
167,25876711,500,FAV_PLAYER,361,LATTICE,COIN_FLIP
182,25876884,500,FAV_PLAYER,576,LATTICE,COIN_FLIP
220,25877745,500,FREE_BOX,196,LATTICE,ALWAYS_BUY
287,25879428,500,LIM_ED,169,LATTICE,COIN_FLIP
302,25879484,500,LIM_ED,324,LATTICE,COIN_FLIP
317,25879589,500,LIM_ED,529,LATTICE,COIN_FLIP
332,25879759,500,LIM_ED,784,LATTICE,COIN_FLIP
9,25870727,500,NONE,144,LATTICE,PRICE
24,25882340,500,NONE,289,LATTICE,PRICE
39,25893480,500,NONE,484,LATTICE,PRICE
54,25910033,500,NONE,729,LATTICE,PRICE
69,25938691,500,NONE,1024,LATTICE,PRICE
84,25982051,500,BIAS_BOX,196,LATTICE,PRICE
99,25991663,500,BIAS_BOX,361,LATTICE,PRICE
116,25875158,500,BIAS_BOX,625,LATTICE,COIN_FLIP
131,25875673,500,BIAS_BOX,900,LATTICE,COIN_FLIP
146,25876596,500,FAV_PLAYER,144,LATTICE,COIN_FLIP
161,25876666,500,FAV_PLAYER,289,LATTICE,COIN_FLIP
176,25876790,500,FAV_PLAYER,484,LATTICE,COIN_FLIP
191,25877009,500,FAV_PLAYER,729,LATTICE,COIN_FLIP
206,25877367,500,FAV_PLAYER,1024,LATTICE,COIN_FLIP
221,25878028,500,FREE_BOX,196,LATTICE,COIN_FLIP
236,25878129,500,FREE_BOX,361,LATTICE,COIN_FLIP
251,25878337,500,FREE_BOX,576,LATTICE,COIN_FLIP
266,25878743,500,FREE_BOX,841,LATTICE,COIN_FLIP
281,25879514,500,LIM_ED,121,LATTICE,COIN_FLIP
296,25879560,500,LIM_ED,256,LATTICE,COIN_FLIP
311,25879637,500,LIM_ED,441,LATTICE,COIN_FLIP
326,25879787,500,LIM_ED,676,LATTICE,COIN_FLIP
341,25880030,500,LIM_ED,961,LATTICE,COIN_FLIP
14,25871930,500,NONE,196,LATTICE,COIN_FLIP
29,25872848,500,NONE,361,LATTICE,COIN_FLIP
44,25873512,500,NONE,576,LATTICE,COIN_FLIP
59,25874236,500,NONE,841,LATTICE,COIN_FLIP
74,25875452,500,BIAS_BOX,121,LATTICE,COIN_FLIP
89,25875523,500,BIAS_BOX,256,LATTICE,COIN_FLIP
104,25875690,500,BIAS_BOX,441,LATTICE,COIN_FLIP
119,25876020,500,BIAS_BOX,676,LATTICE,COIN_FLIP
134,25876553,500,BIAS_BOX,961,LATTICE,COIN_FLIP
149,25877512,500,FAV_PLAYER,169,LATTICE,COIN_FLIP
164,25877571,500,FAV_PLAYER,324,LATTICE,COIN_FLIP
179,25877707,500,FAV_PLAYER,529,LATTICE,COIN_FLIP
194,25877939,500,FAV_PLAYER,784,LATTICE,COIN_FLIP
209,25878268,500,FREE_BOX,100,LATTICE,COIN_FLIP
224,25878316,500,FREE_BOX,225,LATTICE,COIN_FLIP
239,25878419,500,FREE_BOX,400,LATTICE,COIN_FLIP
254,25878633,500,FREE_BOX,625,LATTICE,COIN_FLIP
269,25879007,500,FREE_BOX,900,LATTICE,COIN_FLIP
284,25879701,500,LIM_ED,144,LATTICE,COIN_FLIP
299,25879747,500,LIM_ED,289,LATTICE,COIN_FLIP
314,25879844,500,LIM_ED,484,LATTICE,COIN_FLIP
329,25880004,500,LIM_ED,729,LATTICE,COIN_FLIP
344,25880230,500,LIM_ED,1024,LATTICE,COIN_FLIP
15,25872569,500,NONE,196,LATTICE,PRICE
30,25883629,500,NONE,361,LATTICE,PRICE
45,25897429,500,NONE,576,LATTICE,PRICE
60,25918100,500,NONE,841,LATTICE,PRICE
75,25952187,500,BIAS_BOX,121,LATTICE,PRICE
90,25956487,500,BIAS_BOX,256,LATTICE,PRICE
105,25968992,500,BIAS_BOX,441,LATTICE,PRICE
5,29080477,500,NONE,100,PRICE,WATTS
20,29091110,500,NONE,400,ALWAYS_BUY,RANDOM
35,29091761,500,NONE,600,PRICE,WATTS
50,29141109,500,NONE,900,ALWAYS_BUY,RANDOM
65,29150400,500,BIAS_BOX,100,PRICE,WATTS
80,29160396,500,BIAS_BOX,400,ALWAYS_BUY,RANDOM
95,29160916,500,BIAS_BOX,600,PRICE,WATTS
110,29219968,500,BIAS_BOX,900,ALWAYS_BUY,RANDOM
125,29229914,500,FAV_PLAYER,100,PRICE,WATTS
140,29249242,500,FAV_PLAYER,400,ALWAYS_BUY,RANDOM
155,29249814,500,FAV_PLAYER,600,PRICE,WATTS
170,29949194,500,FAV_PLAYER,900,ALWAYS_BUY,RANDOM
185,29958230,500,FREE_BOX,100,PRICE,WATTS
200,29983050,500,FREE_BOX,400,ALWAYS_BUY,RANDOM
215,29983434,500,FREE_BOX,600,PRICE,WATTS
230,30139616,500,FREE_BOX,900,ALWAYS_BUY,RANDOM
245,30148232,500,LIM_ED,100,PRICE,WATTS
260,30176174,500,LIM_ED,400,ALWAYS_BUY,RANDOM
271,29155488,500,LIM_ED,600,ALWAYS_BUY,WATTS
286,29155658,500,LIM_ED,800,COIN_FLIP,RANDOM
6,29083002,500,NONE,100,PRICE,RANDOM
36,29093940,500,NONE,600,PRICE,RANDOM
68,29206190,500,BIAS_BOX,200,ALWAYS_BUY,RANDOM
83,29206298,500,BIAS_BOX,400,PRICE,WATTS
98,29272616,500,BIAS_BOX,700,ALWAYS_BUY,RANDOM
113,29275522,500,BIAS_BOX,900,PRICE,WATTS
128,30042428,500,FAV_PLAYER,200,ALWAYS_BUY,RANDOM
143,30042525,500,FAV_PLAYER,400,PRICE,WATTS
158,30146929,500,FAV_PLAYER,700,ALWAYS_BUY,RANDOM
186,29919384,500,FREE_BOX,100,PRICE,RANDOM
201,29946082,500,FREE_BOX,400,COIN_FLIP,WATTS
216,29946290,500,FREE_BOX,600,PRICE,RANDOM
231,30110395,500,FREE_BOX,900,COIN_FLIP,WATTS
246,30110948,500,LIM_ED,100,PRICE,RANDOM
261,30133352,500,LIM_ED,400,COIN_FLIP,WATTS
274,29115014,500,LIM_ED,600,COIN_FLIP,RANDOM
289,29117641,500,LIM_ED,900,ALWAYS_BUY,WATTS
11,29083231,500,NONE,200,PRICE,WATTS
3941,29104086,500,NONE,700,PRICE,WATTS
5654,29121148,500,NONE,900,PRICE,RANDOM
69,29215385,500,BIAS_BOX,200,COIN_FLIP,WATTS
84,29215564,500,BIAS_BOX,400,PRICE,RANDOM
129,30073828,500,FAV_PLAYER,200,COIN_FLIP,WATTS
144,30073904,500,FAV_PLAYER,400,PRICE,RANDOM
159,30177063,500,FAV_PLAYER,700,COIN_FLIP,WATTS
176,30123988,500,FAV_PLAYER,1000,ALWAYS_BUY,RANDOM
191,30135884,500,FREE_BOX,200,PRICE,WATTS
206,30185641,500,FREE_BOX,500,ALWAYS_BUY,RANDOM
217,29152661,500,FREE_BOX,700,ALWAYS_BUY,WATTS
232,29152820,500,FREE_BOX,900,COIN_FLIP,RANDOM
247,29181930,500,LIM_ED,200,ALWAYS_BUY,WATTS
262,29181985,500,LIM_ED,400,COIN_FLIP,RANDOM
277,29182495,500,LIM_ED,700,ALWAYS_BUY,WATTS
292,29182656,500,LIM_ED,900,COIN_FLIP,RANDOM
12,29083638,500,NONE,200,PRICE,RANDOM
42,29103441,500,NONE,700,PRICE,RANDOM
75,29254087,500,BIAS_BOX,300,COIN_FLIP,WATTS
90,29254273,500,BIAS_BOX,500,PRICE,RANDOM
105,29926189,500,BIAS_BOX,800,COIN_FLIP,WATTS
,29844350,500,BIAS_BOX,1000,COIN_FLIP,WATTS
132,29844953,500,FAV_PLAYER,200,PRICE,RANDOM
147,29901817,500,FAV_PLAYER,500,COIN_FLIP,WATTS
162,29902222,500,FAV_PLAYER,700,PRICE,RANDOM
177,30091732,500,FAV_PLAYER,1000,COIN_FLIP,WATTS
192,30092162,500,FREE_BOX,200,PRICE,RANDOM
207,30145881,500,FREE_BOX,500,COIN_FLIP,WATTS
223,29177039,500,FREE_BOX,800,ALWAYS_BUY,WATTS
238,29177348,500,FREE_BOX,1000,COIN_FLIP,RANDOM
253,29215796,500,LIM_ED,300,ALWAYS_BUY,WATTS
268,29215883,500,LIM_ED,500,COIN_FLIP,RANDOM
283,29217275,500,LIM_ED,800,ALWAYS_BUY,WATTS
298,29217489,500,LIM_ED,1000,COIN_FLIP,RANDOM
14,29084521,500,NONE,300,ALWAYS_BUY,RANDOM
29,29086189,500,NONE,500,PRICE,WATTS
44,29127127,500,NONE,800,ALWAYS_BUY,RANDOM
59,29134086,500,NONE,1000,PRICE,WATTS
74,29236529,500,BIAS_BOX,300,ALWAYS_BUY,RANDOM
89,29236782,500,BIAS_BOX,500,PRICE,WATTS
104,29899438,500,BIAS_BOX,800,ALWAYS_BUY,RANDOM
119,29905727,500,BIAS_BOX,1000,PRICE,WATTS
134,30160315,500,FAV_PLAYER,300,ALWAYS_BUY,RANDOM
12,25869613,500,NONE,169,PRICE,LATTICE
127,25882963,500,NONE,324,PRICE,LATTICE
342,25895495,500,NONE,529,PRICE,LATTICE
457,25913122,500,NONE,784,PRICE,LATTICE
63,25929333,500,NONE,900,PRICE,LATTICE
78,25967969,500,BIAS_BOX,144,PRICE,LATTICE
93,25976735,500,BIAS_BOX,289,PRICE,LATTICE
117,25971372,500,BIAS_BOX,625,PRICE,LATTICE
125,25876439,500,BIAS_BOX,784,COIN_FLIP,LATTICE
140,25877073,500,FAV_PLAYER,100,COIN_FLIP,LATTICE
155,25877133,500,FAV_PLAYER,225,COIN_FLIP,LATTICE
170,25877224,500,FAV_PLAYER,400,COIN_FLIP,LATTICE
185,25877358,500,FAV_PLAYER,625,COIN_FLIP,LATTICE
200,25877706,500,FAV_PLAYER,900,COIN_FLIP,LATTICE
215,25878146,500,FREE_BOX,144,COIN_FLIP,LATTICE
230,25878217,500,FREE_BOX,289,COIN_FLIP,LATTICE
2248,25878326,500,FREE_BOX,529,COIN_FLIP,LATTICE
2263,25878658,500,FREE_BOX,784,COIN_FLIP,LATTICE
275,25879127,500,FREE_BOX,1024,COIN_FLIP,LATTICE
290,25880028,500,LIM_ED,196,COIN_FLIP,LATTICE
305,25880089,500,LIM_ED,361,COIN_FLIP,LATTICE
320,25880184,500,LIM_ED,576,COIN_FLIP,LATTICE
335,25880317,500,LIM_ED,841,COIN_FLIP,LATTICE
6,25869690,500,NONE,121,PRICE,LATTICE
21,25880401,500,NONE,256,PRICE,LATTICE
36,25890439,500,NONE,441,PRICE,LATTICE
51,25906396,500,NONE,676,PRICE,LATTICE
66,25932948,500,NONE,961,PRICE,LATTICE
81,25972703,500,BIAS_BOX,169,PRICE,LATTICE
96,25982502,500,BIAS_BOX,324,PRICE,LATTICE
152,25876615,500,FAV_PLAYER,196,COIN_FLIP,LATTICE
167,25876711,500,FAV_PLAYER,361,COIN_FLIP,LATTICE
182,25876884,500,FAV_PLAYER,576,COIN_FLIP,LATTICE
220,25877745,500,FREE_BOX,196,ALWAYS_BUY,LATTICE
287,25879428,500,LIM_ED,169,COIN_FLIP,LATTICE
302,25879484,500,LIM_ED,324,COIN_FLIP,LATTICE
317,25879589,500,LIM_ED,529,COIN_FLIP,LATTICE
332,25879759,500,LIM_ED,784,COIN_FLIP,LATTICE
9,25870727,500,NONE,144,PRICE,LATTICE
24,25882340,500,NONE,289,PRICE,LATTICE
39,25893480,500,NONE,484,PRICE,LATTICE
54,25910033,500,NONE,729,PRICE,LATTICE
69,25938691,500,NONE,1024,PRICE,LATTICE
84,25982051,500,BIAS_BOX,196,PRICE,LATTICE
99,25991663,500,BIAS_BOX,361,PRICE,LATTICE
116,25875158,500,BIAS_BOX,625,COIN_FLIP,LATTICE
131,25875673,500,BIAS_BOX,900,COIN_FLIP,LATTICE
146,25876596,500,FAV_PLAYER,144,COIN_FLIP,LATTICE
161,25876666,500,FAV_PLAYER,289,COIN_FLIP,LATTICE
176,25876790,500,FAV_PLAYER,484,COIN_FLIP,LATTICE
191,25877009,500,FAV_PLAYER,729,COIN_FLIP,LATTICE
206,25877367,500,FAV_PLAYER,1024,COIN_FLIP,LATTICE
221,25878028,500,FREE_BOX,196,COIN_FLIP,LATTICE
236,25878129,500,FREE_BOX,361,COIN_FLIP,LATTICE
251,25878337,500,FREE_BOX,576,COIN_FLIP,LATTICE
266,25878743,500,FREE_BOX,841,COIN_FLIP,LATTICE
281,25879514,500,LIM_ED,121,COIN_FLIP,LATTICE
296,25879560,500,LIM_ED,256,COIN_FLIP,LATTICE
311,25879637,500,LIM_ED,441,COIN_FLIP,LATTICE
326,25879787,500,LIM_ED,676,COIN_FLIP,LATTICE
341,25880030,500,LIM_ED,961,COIN_FLIP,LATTICE
14,25871930,500,NONE,196,COIN_FLIP,LATTICE
29,25872848,500,NONE,361,COIN_FLIP,LATTICE
44,25873512,500,NONE,576,COIN_FLIP,LATTICE
59,25874236,500,NONE,841,COIN_FLIP,LATTICE
74,25875452,500,BIAS_BOX,121,COIN_FLIP,LATTICE
89,25875523,500,BIAS_BOX,256,COIN_FLIP,LATTICE
104,25875690,500,BIAS_BOX,441,COIN_FLIP,LATTICE
119,25876020,500,BIAS_BOX,676,COIN_FLIP,LATTICE
134,25876553,500,BIAS_BOX,961,COIN_FLIP,LATTICE
149,25877512,500,FAV_PLAYER,169,COIN_FLIP,LATTICE
164,25877571,500,FAV_PLAYER,324,COIN_FLIP,LATTICE
179,25877707,500,FAV_PLAYER,529,COIN_FLIP,LATTICE
194,25877939,500,FAV_PLAYER,784,COIN_FLIP,LATTICE
209,25878268,500,FREE_BOX,100,COIN_FLIP,LATTICE
224,25878316,500,FREE_BOX,225,COIN_FLIP,LATTICE
239,25878419,500,FREE_BOX,400,COIN_FLIP,LATTICE
254,25878633,500,FREE_BOX,625,COIN_FLIP,LATTICE
269,25879007,500,FREE_BOX,900,COIN_FLIP,LATTICE
284,25879701,500,LIM_ED,144,COIN_FLIP,LATTICE
299,25879747,500,LIM_ED,289,COIN_FLIP,LATTICE
314,25879844,500,LIM_ED,484,COIN_FLIP,LATTICE
329,25880004,500,LIM_ED,729,COIN_FLIP,LATTICE
344,25880230,500,LIM_ED,1024,COIN_FLIP,LATTICE
15,25872569,500,NONE,196,PRICE,LATTICE
30,25883629,500,NONE,361,PRICE,LATTICE
45,25897429,500,NONE,576,PRICE,LATTICE
60,25918100,500,NONE,841,PRICE,LATTICE
75,25952187,500,BIAS_BOX,121,PRICE,LATTICE
90,25956487,500,BIAS_BOX,256,PRICE,LATTICE
105,25968992,500,BIAS_BOX,441,PRICE,LATTICE
5,29080477,500,NONE,100,PRICE,WATTS
20,29091110,500,NONE,400,ALWAYS_BUY,RANDOM
35,29091761,500,NONE,600,PRICE,WATTS
50,29141109,500,NONE,900,ALWAYS_BUY,RANDOM
65,29150400,500,BIAS_BOX,100,PRICE,WATTS
80,29160396,500,BIAS_BOX,400,ALWAYS_BUY,RANDOM
95,29160916,500,BIAS_BOX,600,PRICE,WATTS
110,29219968,500,BIAS_BOX,900,ALWAYS_BUY,RANDOM
125,29229914,500,FAV_PLAYER,100,PRICE,WATTS
140,29249242,500,FAV_PLAYER,400,ALWAYS_BUY,RANDOM
155,29249814,500,FAV_PLAYER,600,PRICE,WATTS
170,29949194,500,FAV_PLAYER,900,ALWAYS_BUY,RANDOM
185,29958230,500,FREE_BOX,100,PRICE,WATTS
200,29983050,500,FREE_BOX,400,ALWAYS_BUY,RANDOM
215,29983434,500,FREE_BOX,600,PRICE,WATTS
230,30139616,500,FREE_BOX,900,ALWAYS_BUY,RANDOM
245,30148232,500,LIM_ED,100,PRICE,WATTS
260,30176174,500,LIM_ED,400,ALWAYS_BUY,RANDOM
271,29155488,500,LIM_ED,600,ALWAYS_BUY,WATTS
286,29155658,500,LIM_ED,800,COIN_FLIP,RANDOM
6,29083002,500,NONE,100,PRICE,RANDOM
68,29206190,500,BIAS_BOX,200,ALWAYS_BUY,RANDOM
83,29206298,500,BIAS_BOX,400,PRICE,WATTS
98,29272616,500,BIAS_BOX,700,ALWAYS_BUY,RANDOM
113,29275522,500,BIAS_BOX,900,PRICE,WATTS
128,30042428,500,FAV_PLAYER,200,ALWAYS_BUY,RANDOM
143,30042525,500,FAV_PLAYER,400,PRICE,WATTS
158,30146929,500,FAV_PLAYER,700,ALWAYS_BUY,RANDOM
186,29919384,500,FREE_BOX,100,PRICE,RANDOM
201,29946082,500,FREE_BOX,400,COIN_FLIP,WATTS
216,29946290,500,FREE_BOX,600,PRICE,RANDOM
231,30110395,500,FREE_BOX,900,COIN_FLIP,WATTS
246,30110948,500,LIM_ED,100,PRICE,RANDOM
261,30133352,500,LIM_ED,400,COIN_FLIP,WATTS
274,29115014,500,LIM_ED,600,COIN_FLIP,RANDOM
289,29117641,500,LIM_ED,900,ALWAYS_BUY,WATTS
11,29083231,500,NONE,200,PRICE,WATTS
3941,29104086,500,NONE,700,PRICE,WATTS
5654,29121148,500,NONE,900,PRICE,RANDOM
69,29215385,500,BIAS_BOX,200,COIN_FLIP,WATTS
84,29215564,500,BIAS_BOX,400,PRICE,RANDOM
129,30073828,500,FAV_PLAYER,200,COIN_FLIP,WATTS
144,30073904,500,FAV_PLAYER,400,PRICE,RANDOM
159,30177063,500,FAV_PLAYER,700,COIN_FLIP,WATTS
176,30123988,500,FAV_PLAYER,1000,ALWAYS_BUY,RANDOM
191,30135884,500,FREE_BOX,200,PRICE,WATTS
206,30185641,500,FREE_BOX,500,ALWAYS_BUY,RANDOM
217,29152661,500,FREE_BOX,700,ALWAYS_BUY,WATTS
232,29152820,500,FREE_BOX,900,COIN_FLIP,RANDOM
247,29181930,500,LIM_ED,200,ALWAYS_BUY,WATTS
262,29181985,500,LIM_ED,400,COIN_FLIP,RANDOM
277,29182495,500,LIM_ED,700,ALWAYS_BUY,WATTS
292,29182656,500,LIM_ED,900,COIN_FLIP,RANDOM
12,29083638,500,NONE,200,PRICE,RANDOM
42,29103441,500,NONE,700,PRICE,RANDOM
75,29254087,500,BIAS_BOX,300,COIN_FLIP,WATTS
90,29254273,500,BIAS_BOX,500,PRICE,RANDOM
105,29926189,500,BIAS_BOX,800,COIN_FLIP,WATTS
,29844350,500,BIAS_BOX,1000,COIN_FLIP,WATTS
132,29844953,500,FAV_PLAYER,200,PRICE,RANDOM
147,29901817,500,FAV_PLAYER,500,COIN_FLIP,WATTS
162,29902222,500,FAV_PLAYER,700,PRICE,RANDOM
177,30091732,500,FAV_PLAYER,1000,COIN_FLIP,WATTS
192,30092162,500,FREE_BOX,200,PRICE,RANDOM
207,30145881,500,FREE_BOX,500,COIN_FLIP,WATTS
223,29177039,500,FREE_BOX,800,ALWAYS_BUY,WATTS
238,29177348,500,FREE_BOX,1000,COIN_FLIP,RANDOM
253,29215796,500,LIM_ED,300,ALWAYS_BUY,WATTS
268,29215883,500,LIM_ED,500,COIN_FLIP,RANDOM
283,29217275,500,LIM_ED,800,ALWAYS_BUY,WATTS
298,29217489,500,LIM_ED,1000,COIN_FLIP,RANDOM
14,29084521,500,NONE,300,ALWAYS_BUY,RANDOM
29,29086189,500,NONE,500,PRICE,WATTS
44,29127127,500,NONE,800,ALWAYS_BUY,RANDOM
59,29134086,500,NONE,1000,PRICE,WATTS
74,29236529,500,BIAS_BOX,300,ALWAYS_BUY,RANDOM
89,29236782,500,BIAS_BOX,500,PRICE,WATTS
104,29899438,500,BIAS_BOX,800,ALWAYS_BUY,RANDOM
119,29905727,500,BIAS_BOX,1000,PRICE,WATTS
134,30160315,500,FAV_PLAYER,300,ALWAYS_BUY,RANDOM
